{
   "adult":false,
   "backdrop_path":"/rr7E0NoGKxvbkb89eR1GwfoYjpA.jpg",
   "belongs_to_collection":null,
   "budget":63000000,
   "genres":[
      {
         "id":18,
         "name":"Drama"
      }
   ],
   "homepage":"http://www.foxmovies.com/movies/fight-club",
   "id":550,
   "imdb_id":"tt0137523",
   "original_language":"en",
   "original_title":"Fight Club",
   "overview":"A ticking-time-bomb insomniac and a slippery soap salesman channel primal male aggression into a shocking new form of therapy. Their concept catches on, with underground \"fight clubs\" forming in every town, until an eccentric gets in the way and ignites an out-of-control spiral toward oblivion.",
   "popularity":43.632,
   "poster_path":"/9dlcOgehxDK4QaC2QDfqwQFbk5C.jpg",
   "production_companies":[
      {
         "id":508,
         "logo_path":"/7PzJdsLGlR7oW4J0J5Xcd0pHGRg.png",
         "name":"Regency Enterprises",
         "origin_country":"US"
      },
      {
         "id":711,
         "logo_path":"/tEiIH5QesdheJmDAqQwvtN60727.png",
         "name":"Fox 2000 Pictures",
         "origin_country":"US"
      },
      {
         "id":20555,
         "logo_path":"/hD8yEGUBlHOcfHYbujp71vD8gZp.png",
         "name":"Taurus Film",
         "origin_country":"DE"
      },
      {
         "id":54051,
         "logo_path":null,
         "name":"Atman Entertainment",
         "origin_country":""
      },
      {
         "id":54052,
         "logo_path":null,
         "name":"Knickerbocker Films",
         "origin_country":"US"
      },
      {
         "id":25,
         "logo_path":"/qZCc1lty5FzX30aOCVRBLzaVmcp.png",
         "name":"20th Century Fox",
         "origin_country":"US"
      },
      {
         "id":4700,
         "logo_path":"/A32wmjrs9Psf4zw0uaixF0GXfxq.png",
         "name":"The Linson Company",
         "origin_country":""
      }
   ],
   "production_countries":[
      {
         "iso_3166_1":"DE",
         "name":"Germany"
      },
      {
         "iso_3166_1":"US",
         "name":"United States of America"
      }
   ],
   "release_date":"1999-10-15",
   "revenue":100853753,
   "runtime":139,
   "spoken_languages":[
      {
         "iso_639_1":"en",
         "name":"English"
      }
   ],
   "status":"Released",
   "tagline":"Mischief. Mayhem. Soap.",
   "title":"Fight Club",
   "video":false,
   "vote_average":8.4,
   "vote_count":20217,
   "credits":{
      "cast":[
         {
            "cast_id":4,
            "character":"The Narrator",
            "credit_id":"52fe4250c3a36847f80149f3",
            "gender":2,
            "id":819,
            "name":"Edward Norton",
            "order":0,
            "profile_path":"/5XBzD5WuTyVQZeS4VI25z2moMeY.jpg"
         },
         {
            "cast_id":5,
            "character":"Tyler Durden",
            "credit_id":"52fe4250c3a36847f80149f7",
            "gender":2,
            "id":287,
            "name":"Brad Pitt",
            "order":1,
            "profile_path":"/ajNaPmXVVMJFg9GWmu6MJzTaXdV.jpg"
         },
         {
            "cast_id":6,
            "character":"Marla Singer",
            "credit_id":"52fe4250c3a36847f80149fb",
            "gender":1,
            "id":1283,
            "name":"Helena Bonham Carter",
            "order":2,
            "profile_path":"/mW1NolxQmPE16Zg6zuWyZlFgOwL.jpg"
         },
         {
            "cast_id":7,
            "character":"Robert \"Bob\" Paulson",
            "credit_id":"52fe4250c3a36847f80149ff",
            "gender":2,
            "id":7470,
            "name":"Meat Loaf",
            "order":3,
            "profile_path":"/7gKLR1u46OB8WJ6m06LemNBCMx6.jpg"
         },
         {
            "cast_id":30,
            "character":"Angel Face",
            "credit_id":"52fe4250c3a36847f8014a51",
            "gender":2,
            "id":7499,
            "name":"Jared Leto",
            "order":4,
            "profile_path":"/ca3x0OfIKbJppZh8S1Alx3GfUZO.jpg"
         },
         {
            "cast_id":31,
            "character":"Richard Chesler",
            "credit_id":"52fe4250c3a36847f8014a55",
            "gender":2,
            "id":7471,
            "name":"Zach Grenier",
            "order":5,
            "profile_path":"/fSyQKZO39sUsqY283GXiScOg3Hi.jpg"
         },
         {
            "cast_id":32,
            "character":"The Mechanic",
            "credit_id":"52fe4250c3a36847f8014a59",
            "gender":2,
            "id":7497,
            "name":"Holt McCallany",
            "order":6,
            "profile_path":"/8NvOcP35qv5UHWEdpqAvQrKnQQz.jpg"
         },
         {
            "cast_id":33,
            "character":"Ricky",
            "credit_id":"52fe4250c3a36847f8014a5d",
            "gender":2,
            "id":7498,
            "name":"Eion Bailey",
            "order":7,
            "profile_path":"/hKqfGq1sPhZdQOlto0bS3igFZdP.jpg"
         },
         {
            "cast_id":34,
            "character":"Intern",
            "credit_id":"52fe4250c3a36847f8014a61",
            "gender":2,
            "id":7472,
            "name":"Richmond Arquette",
            "order":8,
            "profile_path":"/qpKZQn71Fwk6Gm1WZHL9IpVmcyO.jpg"
         },
         {
            "cast_id":35,
            "character":"Thomas",
            "credit_id":"52fe4250c3a36847f8014a65",
            "gender":2,
            "id":7219,
            "name":"David Andrews",
            "order":9,
            "profile_path":"/36LEerIIN7gpG52mM3Ier7YWDbh.jpg"
         },
         {
            "cast_id":36,
            "character":"Group Leader",
            "credit_id":"52fe4250c3a36847f8014a69",
            "gender":1,
            "id":68277,
            "name":"Christina Cabot",
            "order":10,
            "profile_path":"/h1vwbOfITSvDvDq8E9MVvWqMYSr.jpg"
         },
         {
            "cast_id":37,
            "character":"Inspector Bird",
            "credit_id":"52fe4250c3a36847f8014a6d",
            "gender":2,
            "id":956719,
            "name":"Tim DeZarn",
            "order":11,
            "profile_path":"/AmY8QpXyWUCOX4SewTVytjqD8rz.jpg"
         },
         {
            "cast_id":38,
            "character":"Inspector Dent",
            "credit_id":"52fe4250c3a36847f8014a71",
            "gender":2,
            "id":59285,
            "name":"Ezra Buzzington",
            "order":12,
            "profile_path":"/j3kJRKgQdHAMXvJUtPHXJsGGW5X.jpg"
         },
         {
            "cast_id":39,
            "character":"Airport Security Officer",
            "credit_id":"52fe4250c3a36847f8014a75",
            "gender":2,
            "id":17449,
            "name":"Bob Stephenson",
            "order":13,
            "profile_path":"/AczLnt4baxBT4gqSroSjCqD7S9D.jpg"
         },
         {
            "cast_id":40,
            "character":"Walter",
            "credit_id":"52fe4250c3a36847f8014a79",
            "gender":2,
            "id":56112,
            "name":"David Lee Smith",
            "order":14,
            "profile_path":"/hktppGThiKu30lcGW9CicNuinhc.jpg"
         },
         {
            "cast_id":42,
            "character":"Lou's Body Guard",
            "credit_id":"52fe4250c3a36847f8014a81",
            "gender":2,
            "id":42824,
            "name":"Carl Ciarfalio",
            "order":15,
            "profile_path":"/yADROfK7uJkmd8p3GyjxH8WZqRL.jpg"
         },
         {
            "cast_id":43,
            "character":"Car Salesman",
            "credit_id":"52fe4251c3a36847f8014a85",
            "gender":2,
            "id":40277,
            "name":"Stuart Blumberg",
            "order":16,
            "profile_path":null
         },
         {
            "cast_id":44,
            "character":"Second Man at Auto Shop",
            "credit_id":"52fe4251c3a36847f8014a89",
            "gender":2,
            "id":122805,
            "name":"Mark Fite",
            "order":17,
            "profile_path":"/qUbqKE14GAUdRhYqNcGzDkt1yi9.jpg"
         },
         {
            "cast_id":45,
            "character":"Seminary Student",
            "credit_id":"52fe4251c3a36847f8014a8d",
            "gender":2,
            "id":35521,
            "name":"Matt Winston",
            "order":18,
            "profile_path":"/et38vhCb9y8yGleMRNY2j4nDDyr.jpg"
         },
         {
            "cast_id":46,
            "character":"Channel 4 Reporter",
            "credit_id":"52fe4251c3a36847f8014a91",
            "gender":1,
            "id":1224996,
            "name":"Lauren Sánchez",
            "order":19,
            "profile_path":"/ahOwHtOHrFZUoJDOd7VvF7RPiL.jpg"
         },
         {
            "cast_id":41,
            "character":"Detective Stern",
            "credit_id":"52fe4250c3a36847f8014a7d",
            "gender":0,
            "id":1219497,
            "name":"Thom Gossom Jr.",
            "order":20,
            "profile_path":"/plFARWSTQ021TOOC5gpChhiUIVu.jpg"
         },
         {
            "cast_id":52,
            "character":"Detective Kevin",
            "credit_id":"52fe4251c3a36847f8014aa9",
            "gender":2,
            "id":1226835,
            "name":"Markus Redmond",
            "order":21,
            "profile_path":null
         },
         {
            "cast_id":51,
            "character":"Detective Andrew",
            "credit_id":"52fe4251c3a36847f8014aa5",
            "gender":2,
            "id":41352,
            "name":"Van Quattro",
            "order":22,
            "profile_path":null
         },
         {
            "cast_id":84,
            "character":"Detective Walker",
            "credit_id":"588651eac3a3684628003490",
            "gender":0,
            "id":177175,
            "name":"Michael Girardin",
            "order":23,
            "profile_path":null
         },
         {
            "cast_id":47,
            "character":"Policeman",
            "credit_id":"52fe4251c3a36847f8014a95",
            "gender":2,
            "id":109100,
            "name":"David Jean Thomas",
            "order":24,
            "profile_path":null
         },
         {
            "cast_id":48,
            "character":"Salvator - Winking Bartender",
            "credit_id":"52fe4251c3a36847f8014a99",
            "gender":0,
            "id":1221838,
            "name":"Paul Carafotes",
            "order":25,
            "profile_path":null
         },
         {
            "cast_id":49,
            "character":"Proprietor of Dry Cleaners",
            "credit_id":"52fe4251c3a36847f8014a9d",
            "gender":2,
            "id":145531,
            "name":"Christopher John Fields",
            "order":26,
            "profile_path":"/3ASDmbBZQnk526pPeNtb8LOJXBX.jpg"
         },
         {
            "cast_id":50,
            "character":"Bartender in Halo",
            "credit_id":"52fe4251c3a36847f8014aa1",
            "gender":2,
            "id":9291,
            "name":"Michael Shamus Wiles",
            "order":27,
            "profile_path":"/niY4gYqAUjmnU4KRiguxpsKliWA.jpg"
         },
         {
            "cast_id":59,
            "character":"Group Leader",
            "credit_id":"581fce4c92514168ad00899d",
            "gender":0,
            "id":1129738,
            "name":"George Maguire",
            "order":28,
            "profile_path":null
         },
         {
            "cast_id":60,
            "character":"Weeping Woman",
            "credit_id":"581fce7fc3a368555600847b",
            "gender":1,
            "id":1317693,
            "name":"Eugenie Bondurant",
            "order":29,
            "profile_path":"/j5Pvkb319OjzOytxbeEHnIzFKii.jpg"
         },
         {
            "cast_id":61,
            "character":"Speaker",
            "credit_id":"581fcf3a92514168ad008b09",
            "gender":2,
            "id":202080,
            "name":"Sydney \"Big Dawg\" Colston",
            "order":30,
            "profile_path":"/tdzVh7pstj6rcppqbBOX0KA7mX9.jpg"
         },
         {
            "cast_id":62,
            "character":"Chloe",
            "credit_id":"581fcf5d92514168aa008b9e",
            "gender":1,
            "id":7473,
            "name":"Rachel Singer",
            "order":31,
            "profile_path":"/o4Hzvy1VRa3IILMrI45Ia08pstK.jpg"
         },
         {
            "cast_id":63,
            "character":"Airline Attendant",
            "credit_id":"581fd16ec3a36855530096a4",
            "gender":1,
            "id":1172435,
            "name":"Christie Cronenweth",
            "order":32,
            "profile_path":null
         },
         {
            "cast_id":64,
            "character":"Businesswoman on Plane",
            "credit_id":"581fd575c3a36855630075c4",
            "gender":1,
            "id":1705289,
            "name":"Dierdre Downing-Jackson",
            "order":33,
            "profile_path":null
         },
         {
            "cast_id":65,
            "character":"Doorman",
            "credit_id":"581fd6bcc3a3685556008e6b",
            "gender":2,
            "id":62846,
            "name":"Charlie Dell",
            "order":34,
            "profile_path":null
         },
         {
            "cast_id":66,
            "character":"Man in Suit",
            "credit_id":"581fd6e192514168ad0093bc",
            "gender":2,
            "id":530040,
            "name":"Rob Lanza",
            "order":35,
            "profile_path":null
         },
         {
            "cast_id":67,
            "character":"Food Court Maître D'",
            "credit_id":"581fd956c3a368554d009932",
            "gender":2,
            "id":137425,
            "name":"Joel Bissonnette",
            "order":36,
            "profile_path":"/kOvh6paITOTaE7H1NnuTB01DiVV.jpg"
         },
         {
            "cast_id":68,
            "character":"Steph",
            "credit_id":"581fda0292514168af009523",
            "gender":2,
            "id":175120,
            "name":"Evan Mirand",
            "order":37,
            "profile_path":null
         },
         {
            "cast_id":69,
            "character":"Next Month's Opponent",
            "credit_id":"58864e17925141107e0008b4",
            "gender":0,
            "id":1744132,
            "name":"Robby Robinson",
            "order":38,
            "profile_path":null
         },
         {
            "cast_id":70,
            "character":"Cop at Marla's Building",
            "credit_id":"58864e2fc3a3684480002f96",
            "gender":2,
            "id":168924,
            "name":"Lou Beatty Jr.",
            "order":39,
            "profile_path":null
         },
         {
            "cast_id":71,
            "character":"Susan - Comsetics Buyer",
            "credit_id":"58864fa392514113ea00076f",
            "gender":0,
            "id":157938,
            "name":"Valerie Bickford",
            "order":40,
            "profile_path":null
         },
         {
            "cast_id":72,
            "character":"Lou",
            "credit_id":"58864fdac3a36845e6002f78",
            "gender":0,
            "id":7500,
            "name":"Peter Iacangelo",
            "order":41,
            "profile_path":null
         },
         {
            "cast_id":73,
            "character":"First Man at Auto Shop",
            "credit_id":"5886500492514113ea000859",
            "gender":0,
            "id":1744135,
            "name":"Todd Peirce",
            "order":42,
            "profile_path":null
         },
         {
            "cast_id":74,
            "character":"Raymond K. Hessel",
            "credit_id":"58865057c3a36843c80032d9",
            "gender":0,
            "id":1744137,
            "name":"Joon Kim",
            "order":43,
            "profile_path":null
         },
         {
            "cast_id":75,
            "character":"Bus Driver with Broken Nose",
            "credit_id":"588650819251411bb4000042",
            "gender":0,
            "id":1636371,
            "name":"Bennie Moore",
            "order":44,
            "profile_path":null
         },
         {
            "cast_id":76,
            "character":"Commissioner Jacobs",
            "credit_id":"588650a5925141125e000bcd",
            "gender":0,
            "id":1174793,
            "name":"Pat McNamara",
            "order":45,
            "profile_path":null
         },
         {
            "cast_id":77,
            "character":"Banquet Speaker",
            "credit_id":"588650b7c3a3684628003283",
            "gender":0,
            "id":1744138,
            "name":"Tyrone R. Livingston",
            "order":46,
            "profile_path":null
         },
         {
            "cast_id":78,
            "character":"Airport Valet",
            "credit_id":"588650cb925141107e000e39",
            "gender":0,
            "id":1744139,
            "name":"Owen Masterson",
            "order":47,
            "profile_path":"/1LKLNASM94TIEUlDpPqdMXywDQl.jpg"
         },
         {
            "cast_id":79,
            "character":"Bruised Bar Patron #1",
            "credit_id":"58865114c3a36843020036a1",
            "gender":0,
            "id":1744140,
            "name":"Anderson Bourell",
            "order":48,
            "profile_path":null
         },
         {
            "cast_id":80,
            "character":"Bruised Bar Patron #2",
            "credit_id":"5886512c92514116ac000756",
            "gender":2,
            "id":63537,
            "name":"Scotch Ellis Loring",
            "order":49,
            "profile_path":null
         },
         {
            "cast_id":81,
            "character":"Hotel Desk Clerk",
            "credit_id":"5886514992514113ea000ae7",
            "gender":1,
            "id":170315,
            "name":"Andi Carnick",
            "order":50,
            "profile_path":null
         },
         {
            "cast_id":82,
            "character":"Waiter at Clifton's",
            "credit_id":"588651a192514116ac00088a",
            "gender":0,
            "id":1707776,
            "name":"Edward Kowalczyk",
            "order":51,
            "profile_path":null
         },
         {
            "cast_id":83,
            "character":"Desk Sergeant",
            "credit_id":"588651b59251411158000f3f",
            "gender":2,
            "id":7140,
            "name":"Leonard Termo",
            "order":52,
            "profile_path":"/9QummJWlDgiEMClBTGyMfF6nyMX.jpg"
         },
         {
            "cast_id":85,
            "character":"BMW Salesman (uncredited)",
            "credit_id":"5886520ec3a36843c80035ea",
            "gender":0,
            "id":74507,
            "name":"Michael Arturo",
            "order":53,
            "profile_path":null
         },
         {
            "cast_id":86,
            "character":"Fight Spectator (uncredited)",
            "credit_id":"58865232c3a3684628003526",
            "gender":2,
            "id":1383838,
            "name":"Greg Bronson",
            "order":54,
            "profile_path":"/hFIryLi9bz1hUbb1gZ3vbKWNfxu.jpg"
         },
         {
            "cast_id":87,
            "character":"Fighter (uncredited)",
            "credit_id":"58865242925141107e00117f",
            "gender":0,
            "id":1194120,
            "name":"Matt Cinquanta",
            "order":55,
            "profile_path":null
         },
         {
            "cast_id":89,
            "character":"Irvin (uncredited)",
            "credit_id":"58865265c3a3684628003584",
            "gender":2,
            "id":13925,
            "name":"Paul Dillon",
            "order":57,
            "profile_path":"/tnCzILAe8EBBjPwADXUrzs9ESzD.jpg"
         },
         {
            "cast_id":90,
            "character":"Vomiting Fight Spectator (uncredited)",
            "credit_id":"5886527a9251411362000e93",
            "gender":0,
            "id":1744142,
            "name":"Tom Falzone",
            "order":58,
            "profile_path":null
         },
         {
            "cast_id":91,
            "character":"Chanting Fighter (uncredited)",
            "credit_id":"5886529f92514113ea000df8",
            "gender":0,
            "id":552271,
            "name":"Eddie Hargitay",
            "order":59,
            "profile_path":null
         },
         {
            "cast_id":92,
            "character":"Banquet Guest (uncredited)",
            "credit_id":"588652b5c3a3684480003740",
            "gender":0,
            "id":94561,
            "name":"Phil Hawn",
            "order":60,
            "profile_path":"/7NGVxTRGKjxYRgekHv7NF9kNVzM.jpg"
         },
         {
            "cast_id":93,
            "character":"Waiter in Bridgeworth Suites Corporate Video (uncredited)",
            "credit_id":"588652d892514111a900118a",
            "gender":0,
            "id":1223916,
            "name":"Bruce Holman",
            "order":61,
            "profile_path":"/1xhSV69K8wiXFECYZQ6HHtKU6qB.jpg"
         },
         {
            "cast_id":94,
            "character":"Fight Patron Saying 'I don't know. What's going on?' (uncredited)",
            "credit_id":"588652f0c3a36845e60034af",
            "gender":0,
            "id":1744143,
            "name":"Jawara",
            "order":62,
            "profile_path":null
         },
         {
            "cast_id":95,
            "character":"Waiter (uncredited)",
            "credit_id":"58865312925141107e001361",
            "gender":0,
            "id":1525014,
            "name":"Baron Jay",
            "order":63,
            "profile_path":null
         },
         {
            "cast_id":96,
            "character":"Restaurant Maitre D' (uncredited)",
            "credit_id":"58865333c3a36843c80037ef",
            "gender":2,
            "id":1577360,
            "name":"Jim Jenkins",
            "order":64,
            "profile_path":null
         },
         {
            "cast_id":97,
            "character":"Passenger Clutching Armrest (uncredited)",
            "credit_id":"5886535392514113ea000f8d",
            "gender":0,
            "id":1403525,
            "name":"Kevin Scott Mack",
            "order":65,
            "profile_path":null
         },
         {
            "cast_id":98,
            "character":"Fight Club Patron / Guy #2 in Video Store (uncredited)",
            "credit_id":"5886536592514113ea000fbb",
            "gender":0,
            "id":1744144,
            "name":"Trey Ore",
            "order":66,
            "profile_path":null
         },
         {
            "cast_id":99,
            "character":"Fight Spectator (uncredited)",
            "credit_id":"5886537d9251411158001378",
            "gender":0,
            "id":1744145,
            "name":"Louis Ortiz",
            "order":67,
            "profile_path":null
         },
         {
            "cast_id":100,
            "character":"Fight Club Man (uncredited)",
            "credit_id":"58865398c3a36845e60035ea",
            "gender":0,
            "id":1386468,
            "name":"Hugh Peddy",
            "order":68,
            "profile_path":null
         },
         {
            "cast_id":101,
            "character":"Fight Club Man (uncredited)",
            "credit_id":"588653aa92514111580013f2",
            "gender":0,
            "id":1744146,
            "name":"J.T. Pontino",
            "order":69,
            "profile_path":null
         },
         {
            "cast_id":102,
            "character":"Waiter (uncredited)",
            "credit_id":"588653c8c3a36843c800390b",
            "gender":0,
            "id":1744147,
            "name":"Chad Randau",
            "order":70,
            "profile_path":null
         },
         {
            "cast_id":103,
            "character":"Fighter (uncredited)",
            "credit_id":"588653ec92514113ea001123",
            "gender":2,
            "id":133153,
            "name":"Marcio Rosario",
            "order":71,
            "profile_path":"/pkSWorrHpHciPjgIHdj35Y91xvV.jpg"
         },
         {
            "cast_id":104,
            "character":"Riley Wilde - Fighter (uncredited)",
            "credit_id":"58865401c3a36817620006fc",
            "gender":0,
            "id":1744148,
            "name":"Gregory Silva",
            "order":72,
            "profile_path":null
         },
         {
            "cast_id":105,
            "character":"Fight Bully (uncredited)",
            "credit_id":"588654119251411bb40007f2",
            "gender":2,
            "id":16060,
            "name":"Brian Tochi",
            "order":73,
            "profile_path":"/oFmxzHpo3bw9wn8yx5fNCt9xTC7.jpg"
         },
         {
            "cast_id":106,
            "character":"Bar Worker (uncredited)",
            "credit_id":"58865423c3a36818e9000600",
            "gender":0,
            "id":1744149,
            "name":"Alekxia Valdez",
            "order":74,
            "profile_path":null
         },
         {
            "cast_id":107,
            "character":"Support Group Member (uncredited)",
            "credit_id":"58865450c3a3681eb70000ce",
            "gender":0,
            "id":1744150,
            "name":"Michael Zagst",
            "order":75,
            "profile_path":null
         },
         {
            "cast_id":108,
            "character":"Man at the Club (uncredited)",
            "credit_id":"58865460c3a3684480003a41",
            "gender":0,
            "id":1744151,
            "name":"Gökhan Öncel",
            "order":76,
            "profile_path":null
         },
         {
            "cast_id":200,
            "character":"Space Monkey (uncredited)",
            "credit_id":"5acfee060e0a26749200394d",
            "gender":0,
            "id":2021961,
            "name":"Philip Centanni",
            "order":77,
            "profile_path":null
         },
         {
            "cast_id":206,
            "character":"Space Monkey (uncredited)",
            "credit_id":"5ad0963fc3a36825a3007d6d",
            "gender":0,
            "id":1152377,
            "name":"Marc Cinquanta",
            "order":78,
            "profile_path":null
         },
         {
            "cast_id":202,
            "character":"Marla's Neighbor (uncredited)",
            "credit_id":"5acfeeecc3a36842ce003640",
            "gender":1,
            "id":1657018,
            "name":"Summer Moore",
            "order":79,
            "profile_path":"/9stkBho2p586irYICd6apsb1xr9.jpg"
         }
      ],
      "crew":[
         {
            "credit_id":"55731b8192514111610027d7",
            "department":"Production",
            "gender":2,
            "id":376,
            "job":"Executive Producer",
            "name":"Arnon Milchan",
            "profile_path":"/b2hBExX4NnczNAnLuTBF4kmNhZm.jpg"
         },
         {
            "credit_id":"5894c4eac3a3685ec6000218",
            "department":"Costume & Make-Up",
            "gender":2,
            "id":605,
            "job":"Costume Design",
            "name":"Michael Kaplan",
            "profile_path":null
         },
         {
            "credit_id":"52fe4250c3a36847f8014a11",
            "department":"Production",
            "gender":2,
            "id":1254,
            "job":"Producer",
            "name":"Art Linson",
            "profile_path":null
         },
         {
            "credit_id":"52fe4250c3a36847f8014a35",
            "department":"Art",
            "gender":2,
            "id":1303,
            "job":"Production Design",
            "name":"Alex McDowell",
            "profile_path":null
         },
         {
            "credit_id":"5894c4a3c3a3685ecd0001c0",
            "department":"Art",
            "gender":2,
            "id":7237,
            "job":"Set Decoration",
            "name":"Jay Hart",
            "profile_path":null
         },
         {
            "credit_id":"5c7a4d980e0a263ee10eaae9",
            "department":"Sound",
            "gender":0,
            "id":5339,
            "job":"ADR Mixer",
            "name":"David Boulton",
            "profile_path":null
         },
         {
            "credit_id":"5894cedb92514122b50000e4",
            "department":"Visual Effects",
            "gender":2,
            "id":5714,
            "job":"Animation Supervisor",
            "name":"Carlos Saldanha",
            "profile_path":"/oxUlCSgxKaoCRYFyS65PC2fZWrk.jpg"
         },
         {
            "credit_id":"52fe4250c3a36847f8014a47",
            "department":"Directing",
            "gender":2,
            "id":7467,
            "job":"Director",
            "name":"David Fincher",
            "profile_path":"/wdBeQXDNbbjkIKXHeEZtQShwSDM.jpg"
         },
         {
            "credit_id":"5c7a4ce7c3a36821ec1823b9",
            "department":"Costume & Make-Up",
            "gender":0,
            "id":6904,
            "job":"Key Costumer",
            "name":"Rhona Meyers",
            "profile_path":null
         },
         {
            "credit_id":"5894cdfcc3a3687bb800004a",
            "department":"Sound",
            "gender":0,
            "id":7537,
            "job":"Sound Effects Editor",
            "name":"Steve Boeddeker",
            "profile_path":null
         },
         {
            "credit_id":"52fe4250c3a36847f8014a4d",
            "department":"Writing",
            "gender":2,
            "id":7468,
            "job":"Novel",
            "name":"Chuck Palahniuk",
            "profile_path":null
         },
         {
            "credit_id":"56380f0cc3a3681b5c0200be",
            "department":"Writing",
            "gender":2,
            "id":7469,
            "job":"Screenplay",
            "name":"Jim Uhls",
            "profile_path":"/eJPUwP933EiwEWqxEBzPv6Xf0nC.jpg"
         },
         {
            "credit_id":"52fe4250c3a36847f8014a05",
            "department":"Production",
            "gender":2,
            "id":7474,
            "job":"Producer",
            "name":"Ross Grayson Bell",
            "profile_path":null
         },
         {
            "credit_id":"52fe4250c3a36847f8014a0b",
            "department":"Production",
            "gender":0,
            "id":7475,
            "job":"Producer",
            "name":"Ceán Chaffin",
            "profile_path":null
         },
         {
            "credit_id":"52fe4250c3a36847f8014a17",
            "department":"Sound",
            "gender":2,
            "id":7477,
            "job":"Original Music Composer",
            "name":"John King",
            "profile_path":null
         },
         {
            "credit_id":"52fe4250c3a36847f8014a1d",
            "department":"Sound",
            "gender":2,
            "id":7478,
            "job":"Original Music Composer",
            "name":"Michael Simpson",
            "profile_path":null
         },
         {
            "credit_id":"52fe4250c3a36847f8014a23",
            "department":"Camera",
            "gender":2,
            "id":7479,
            "job":"Director of Photography",
            "name":"Jeff Cronenweth",
            "profile_path":"/93Mn7WPDJjAEVvDv2J39RhzlnEE.jpg"
         },
         {
            "credit_id":"52fe4250c3a36847f8014a29",
            "department":"Editing",
            "gender":2,
            "id":7480,
            "job":"Editor",
            "name":"James Haygood",
            "profile_path":null
         },
         {
            "credit_id":"52fe4250c3a36847f8014a2f",
            "department":"Production",
            "gender":1,
            "id":7481,
            "job":"Casting",
            "name":"Laray Mayfield",
            "profile_path":null
         },
         {
            "credit_id":"5894cde492514122c1000053",
            "department":"Sound",
            "gender":2,
            "id":7763,
            "job":"Sound Designer",
            "name":"Ren Klyce",
            "profile_path":"/tMDHEVa05pe3od1NMpfplPVPnxD.jpg"
         },
         {
            "credit_id":"52fe4250c3a36847f8014a3b",
            "department":"Sound",
            "gender":2,
            "id":7763,
            "job":"Sound Editor",
            "name":"Ren Klyce",
            "profile_path":"/tMDHEVa05pe3od1NMpfplPVPnxD.jpg"
         },
         {
            "credit_id":"52fe4250c3a36847f8014a41",
            "department":"Sound",
            "gender":0,
            "id":7764,
            "job":"Sound Editor",
            "name":"Richard Hymns",
            "profile_path":null
         },
         {
            "credit_id":"5c7a4e03c3a36821ec18283b",
            "department":"Sound",
            "gender":0,
            "id":7764,
            "job":"Sound Supervisor",
            "name":"Richard Hymns",
            "profile_path":null
         },
         {
            "credit_id":"5894cafd9251410b9300054d",
            "department":"Production",
            "gender":0,
            "id":8850,
            "job":"Unit Production Manager",
            "name":"Helen Pollak",
            "profile_path":null
         },
         {
            "credit_id":"5acff3ffc3a36842d2003381",
            "department":"Crew",
            "gender":2,
            "id":40684,
            "job":"Stunts",
            "name":"David Leitch",
            "profile_path":"/htO4qu7yMUfZzJR9DF9iXch8ina.jpg"
         },
         {
            "credit_id":"5894cb1e9251410b87000528",
            "department":"Crew",
            "gender":2,
            "id":12371,
            "job":"Utility Stunts",
            "name":"Richard Cetrone",
            "profile_path":"/5xYPGauQCXKVPSnx3hEqqGttZ4O.jpg"
         },
         {
            "credit_id":"5acff40e9251417b5d00388f",
            "department":"Crew",
            "gender":2,
            "id":16522,
            "job":"Stunts",
            "name":"Jimmy Nickerson",
            "profile_path":"/zidbZdFLUj5DqmZT7yAbp3wEzmr.jpg"
         },
         {
            "credit_id":"5894c4869251410b990001e3",
            "department":"Art",
            "gender":2,
            "id":10855,
            "job":"Art Direction",
            "name":"Chris Gorak",
            "profile_path":null
         },
         {
            "credit_id":"5894cd38c3a368771c000046",
            "department":"Production",
            "gender":1,
            "id":34528,
            "job":"Production Supervisor",
            "name":"Julie M. Anderson",
            "profile_path":null
         },
         {
            "credit_id":"5894c6cb9251410b8d00031f",
            "department":"Camera",
            "gender":2,
            "id":37925,
            "job":"Camera Operator",
            "name":"Conrad W. Hall",
            "profile_path":null
         },
         {
            "credit_id":"5c7a4ed1c3a36819321833af",
            "department":"Production",
            "gender":0,
            "id":113013,
            "job":"Assistant Production Coordinator",
            "name":"David McKimmie",
            "profile_path":null
         },
         {
            "credit_id":"5c7a4da80e0a2637cb0e9b1d",
            "department":"Sound",
            "gender":0,
            "id":113067,
            "job":"ADR Recordist",
            "name":"David Lucarelli",
            "profile_path":null
         },
         {
            "credit_id":"5894c5c89251410b96000268",
            "department":"Art",
            "gender":2,
            "id":60937,
            "job":"Assistant Art Director",
            "name":"Seth Reed",
            "profile_path":null
         },
         {
            "credit_id":"5894c632c3a3685ec60002ce",
            "department":"Art",
            "gender":0,
            "id":83072,
            "job":"Leadman",
            "name":"P. Scott Bailey",
            "profile_path":null
         },
         {
            "credit_id":"5c7a4f0dc3a3681932183491",
            "department":"Production",
            "gender":0,
            "id":91161,
            "job":"First Assistant Accountant",
            "name":"Joe Hartwick Jr.",
            "profile_path":null
         },
         {
            "credit_id":"5c50dee60e0a26495adaea80",
            "department":"Art",
            "gender":2,
            "id":151007,
            "job":"Storyboard Artist",
            "name":"Peter Ramsey",
            "profile_path":"/9708uu7CeTLSzm69ykdYxgPcd2S.jpg"
         },
         {
            "credit_id":"5acee7f99251415a6d01dc19",
            "department":"Editing",
            "gender":2,
            "id":159112,
            "job":"Color Timer",
            "name":"David Orr",
            "profile_path":null
         },
         {
            "credit_id":"5894ca83c3a3685ec3000578",
            "department":"Crew",
            "gender":2,
            "id":169628,
            "job":"Stunts",
            "name":"Jeff Imada",
            "profile_path":"/sUNSaNQreSHYaJvKr0SfiBqMPDV.jpg"
         },
         {
            "credit_id":"5c7a4f8cc3a36844d11b565c",
            "department":"Production",
            "gender":2,
            "id":180576,
            "job":"Production Executive",
            "name":"Rich Thorne",
            "profile_path":null
         },
         {
            "credit_id":"5894cbe09251410b89000610",
            "department":"Editing",
            "gender":2,
            "id":423640,
            "job":"First Assistant Editor",
            "name":"Michael Matzdorff",
            "profile_path":null
         },
         {
            "credit_id":"5894cfef92514122bf00017c",
            "department":"Crew",
            "gender":0,
            "id":554001,
            "job":"Thanks",
            "name":"Johann Benét",
            "profile_path":null
         },
         {
            "credit_id":"5894c54ec3a3685ec9000253",
            "department":"Art",
            "gender":0,
            "id":562696,
            "job":"Art Department Assistant",
            "name":"Dianne Chadwick",
            "profile_path":null
         },
         {
            "credit_id":"5c7a4d7ac3a36821ec182659",
            "department":"Sound",
            "gender":2,
            "id":572622,
            "job":"ADR Editor",
            "name":"Tom Bellfort",
            "profile_path":null
         },
         {
            "credit_id":"5894cd7a92514122bf000003",
            "department":"Sound",
            "gender":2,
            "id":578767,
            "job":"Boom Operator",
            "name":"Don Coufal",
            "profile_path":null
         },
         {
            "credit_id":"5c7a4dbb0e0a2611e1117448",
            "department":"Sound",
            "gender":1,
            "id":993165,
            "job":"Assistant Dialogue Editor",
            "name":"Mary Works",
            "profile_path":null
         },
         {
            "credit_id":"5894cf5892514122ad000137",
            "department":"Visual Effects",
            "gender":2,
            "id":1002652,
            "job":"Visual Effects Supervisor",
            "name":"Dennis Berardi",
            "profile_path":null
         },
         {
            "credit_id":"5894c75b9251410b8900037f",
            "department":"Camera",
            "gender":2,
            "id":1172443,
            "job":"Still Photographer",
            "name":"Merrick Morton",
            "profile_path":null
         },
         {
            "credit_id":"5894c8269251410b900003c1",
            "department":"Crew",
            "gender":0,
            "id":1181128,
            "job":"Additional Music",
            "name":"P.J. Hanke",
            "profile_path":null
         },
         {
            "credit_id":"5894c7cf9251410b9000039e",
            "department":"Costume & Make-Up",
            "gender":0,
            "id":1325234,
            "job":"Makeup Artist",
            "name":"Jean Ann Black",
            "profile_path":null
         },
         {
            "credit_id":"5894c7859251410b90000374",
            "department":"Costume & Make-Up",
            "gender":0,
            "id":1325655,
            "job":"Costume Supervisor",
            "name":"Elinor Bardach",
            "profile_path":null
         },
         {
            "credit_id":"595513299251412b2304f78e",
            "department":"Costume & Make-Up",
            "gender":0,
            "id":1327146,
            "job":"Set Costumer",
            "name":"Wendy M. Craig",
            "profile_path":null
         },
         {
            "credit_id":"5894c5f6c3a3685ec00002bc",
            "department":"Art",
            "gender":0,
            "id":1341851,
            "job":"Construction Coordinator",
            "name":"Jeff Passanante",
            "profile_path":null
         },
         {
            "credit_id":"5c7a4dcd9251412a5a4a18fc",
            "department":"Sound",
            "gender":0,
            "id":1341856,
            "job":"Foley Artist",
            "name":"Hilda Hodges",
            "profile_path":null
         },
         {
            "credit_id":"5894c9fe9251410b8d0004f8",
            "department":"Crew",
            "gender":2,
            "id":1342072,
            "job":"Special Effects Coordinator",
            "name":"Cliff Wenger",
            "profile_path":null
         },
         {
            "credit_id":"5894cef5c3a3687ba70000c6",
            "department":"Visual Effects",
            "gender":0,
            "id":1342601,
            "job":"Digital Compositors",
            "name":"Nicholas Brooks",
            "profile_path":null
         },
         {
            "credit_id":"5ba180b0c3a368719000067a",
            "department":"Sound",
            "gender":0,
            "id":1352424,
            "job":"Sound Mix Technician",
            "name":"Brandon Proctor",
            "profile_path":null
         },
         {
            "credit_id":"5894c670c3a3685ebc000311",
            "department":"Art",
            "gender":0,
            "id":1357044,
            "job":"Production Illustrator",
            "name":"Richard K. Buoen",
            "profile_path":null
         },
         {
            "credit_id":"5c7a4ef80e0a26521c10ec07",
            "department":"Crew",
            "gender":2,
            "id":1368878,
            "job":"Fight Choreographer",
            "name":"Damon Caro",
            "profile_path":null
         },
         {
            "credit_id":"5c7a4e450e0a2611de1157a7",
            "department":"Crew",
            "gender":2,
            "id":1368878,
            "job":"Stunt Double",
            "name":"Damon Caro",
            "profile_path":null
         },
         {
            "credit_id":"5894cd609251411eeb000065",
            "department":"Sound",
            "gender":1,
            "id":1376902,
            "job":"ADR Supervisor",
            "name":"Gwendolyn Yates Whittle",
            "profile_path":null
         },
         {
            "credit_id":"5894c88d9251410b870003ad",
            "department":"Crew",
            "gender":0,
            "id":1378726,
            "job":"Dialect Coach",
            "name":"Francie Brown",
            "profile_path":null
         },
         {
            "credit_id":"5ae6d72d0e0a2610720089d5",
            "department":"Sound",
            "gender":2,
            "id":1389534,
            "job":"Dialogue Editor",
            "name":"Richard Quinn",
            "profile_path":null
         },
         {
            "credit_id":"5894c69d9251410b93000302",
            "department":"Art",
            "gender":0,
            "id":1390518,
            "job":"Set Designer",
            "name":"Luis G. Hoyos",
            "profile_path":null
         },
         {
            "credit_id":"5c7a4e1ac3a36844d41b0642",
            "department":"Crew",
            "gender":2,
            "id":1390528,
            "job":"Special Effects Technician",
            "name":"Wayne Burnes",
            "profile_path":null
         },
         {
            "credit_id":"5c7a4d39925141634c4759e1",
            "department":"Art",
            "gender":0,
            "id":1392117,
            "job":"Graphic Designer",
            "name":"Eric Rosenberg",
            "profile_path":null
         },
         {
            "credit_id":"5894c687c3a3685ebc000327",
            "department":"Art",
            "gender":0,
            "id":1397810,
            "job":"Sculptor",
            "name":"Kenneth Garrett",
            "profile_path":null
         },
         {
            "credit_id":"5894cae99251410b9000055a",
            "department":"Crew",
            "gender":0,
            "id":1398980,
            "job":"Transportation Coordinator",
            "name":"Dave Robling",
            "profile_path":null
         },
         {
            "credit_id":"5894c73cc3a3685ec9000380",
            "department":"Camera",
            "gender":2,
            "id":1401109,
            "job":"Steadicam Operator",
            "name":"Chris Haarhoff",
            "profile_path":"/s8rWd96a0I2IPKOjESrHtaZyQ8U.jpg"
         },
         {
            "credit_id":"5894cf3e92514122b7000122",
            "department":"Visual Effects",
            "gender":0,
            "id":1403191,
            "job":"Visual Effects Producer",
            "name":"Andrea D'Amico",
            "profile_path":null
         },
         {
            "credit_id":"5c4e35630e0a264965d6db97",
            "department":"Visual Effects",
            "gender":0,
            "id":1403525,
            "job":"Visual Effects Supervisor",
            "name":"Kevin Scott Mack",
            "profile_path":null
         },
         {
            "credit_id":"5894cdc692514122b7000038",
            "department":"Sound",
            "gender":2,
            "id":1404546,
            "job":"Music Editor",
            "name":"Brian Richards",
            "profile_path":null
         },
         {
            "credit_id":"5c7a4eb4925141634c475c20",
            "department":"Editing",
            "gender":0,
            "id":1407900,
            "job":"Assistant Editor",
            "name":"Joëlle Taar",
            "profile_path":null
         },
         {
            "credit_id":"5894c79ec3a3685ec60003af",
            "department":"Costume & Make-Up",
            "gender":0,
            "id":1408290,
            "job":"Hairstylist",
            "name":"Patricia Miller",
            "profile_path":null
         },
         {
            "credit_id":"5de004383faba0001306a760",
            "department":"Visual Effects",
            "gender":0,
            "id":1409273,
            "job":"Visual Effects Supervisor",
            "name":"Kevin Tod Haug",
            "profile_path":null
         },
         {
            "credit_id":"5894c7b2c3a3685ec00003eb",
            "department":"Costume & Make-Up",
            "gender":0,
            "id":1413224,
            "job":"Key Hair Stylist",
            "name":"Fríða Aradóttir",
            "profile_path":null
         },
         {
            "credit_id":"5c7a4f9fc3a36821ec182ca8",
            "department":"Visual Effects",
            "gender":0,
            "id":1419264,
            "job":"Rotoscoping Artist",
            "name":"Fiona Campbell Westgate",
            "profile_path":null
         },
         {
            "credit_id":"5894c61ac3a3685ec30002a5",
            "department":"Art",
            "gender":0,
            "id":1422059,
            "job":"Greensman",
            "name":"Craig B. Ayers Sr.",
            "profile_path":null
         },
         {
            "credit_id":"5c7a4df3c3a36844d11b50c5",
            "department":"Sound",
            "gender":1,
            "id":1424126,
            "job":"Foley Recordist",
            "name":"Carolyn Tapp",
            "profile_path":null
         },
         {
            "credit_id":"5c7a4d8a9251412a6949f246",
            "department":"Sound",
            "gender":0,
            "id":1432596,
            "job":"ADR Engineer",
            "name":"Derek Casari",
            "profile_path":null
         },
         {
            "credit_id":"5894cf0fc3a3687b9f0000f1",
            "department":"Visual Effects",
            "gender":0,
            "id":1440848,
            "job":"Visual Effects",
            "name":"Joshua I. Kolden",
            "profile_path":null
         },
         {
            "credit_id":"55422f369251414aee003e1c",
            "department":"Crew",
            "gender":0,
            "id":1447557,
            "job":"Compositors",
            "name":"Rachel Wyn Dunn",
            "profile_path":null
         },
         {
            "credit_id":"5c7a4de00e0a263ee10eabe9",
            "department":"Sound",
            "gender":1,
            "id":1461371,
            "job":"Foley Mixer",
            "name":"Mary Jo Lang",
            "profile_path":null
         },
         {
            "credit_id":"5c7a4d58c3a36819321830c6",
            "department":"Art",
            "gender":0,
            "id":1463313,
            "job":"Storyboard Artist",
            "name":"Collin Grant",
            "profile_path":null
         },
         {
            "credit_id":"5894c60cc3a3685ec00002cf",
            "department":"Art",
            "gender":2,
            "id":1463325,
            "job":"Construction Foreman",
            "name":"Tim R. Lafferty",
            "profile_path":null
         },
         {
            "credit_id":"55731b7792514110f90024ab",
            "department":"Production",
            "gender":0,
            "id":1474687,
            "job":"Associate Producer",
            "name":"John S. Dorsey",
            "profile_path":null
         },
         {
            "credit_id":"5c7a4ee5925141634c475c70",
            "department":"Production",
            "gender":0,
            "id":1492646,
            "job":"Extras Casting",
            "name":"Sande Alessi",
            "profile_path":null
         },
         {
            "credit_id":"5894c6e99251410b90000311",
            "department":"Camera",
            "gender":2,
            "id":1493771,
            "job":"First Assistant Camera",
            "name":"John T. Connor",
            "profile_path":null
         },
         {
            "credit_id":"5894ce2cc3a3687ba7000053",
            "department":"Sound",
            "gender":2,
            "id":1511710,
            "job":"Sound Mixer",
            "name":"Jeff Wexler",
            "profile_path":null
         },
         {
            "credit_id":"5894cb97c3a3685ec60005d9",
            "department":"Directing",
            "gender":0,
            "id":1521769,
            "job":"Script Supervisor",
            "name":"Dina Waxman",
            "profile_path":null
         },
         {
            "credit_id":"5894cc7bc3a3685ecd000651",
            "department":"Production",
            "gender":1,
            "id":1530086,
            "job":"Casting Associate",
            "name":"Karen Meisels",
            "profile_path":null
         },
         {
            "credit_id":"5894c7fcc3a3685ecd0003c8",
            "department":"Costume & Make-Up",
            "gender":0,
            "id":1532597,
            "job":"Set Costumer",
            "name":"Terry Anderson",
            "profile_path":null
         },
         {
            "credit_id":"5894c5e29251410b89000283",
            "department":"Art",
            "gender":0,
            "id":1533533,
            "job":"Conceptual Design",
            "name":"Josue Clotaire Fleurimond",
            "profile_path":null
         },
         {
            "credit_id":"5c7a4d170e0a263ee10ea972",
            "department":"Directing",
            "gender":0,
            "id":1534969,
            "job":"Second Second Assistant Director",
            "name":"Allen Kupetsky",
            "profile_path":null
         },
         {
            "credit_id":"5894ca5dc3a3685ec900053f",
            "department":"Crew",
            "gender":2,
            "id":1535124,
            "job":"Stunt Coordinator",
            "name":"Michael Runyard",
            "profile_path":"/45OfE6u2HFb2vsZDgSIwSMX9IjN.jpg"
         },
         {
            "credit_id":"5894cd209251411ee600004d",
            "department":"Production",
            "gender":0,
            "id":1536630,
            "job":"Production Coordinator",
            "name":"Robb Earnest",
            "profile_path":null
         },
         {
            "credit_id":"5894c6b59251410b9300030f",
            "department":"Art",
            "gender":2,
            "id":1548670,
            "job":"Standby Painter",
            "name":"Bill 'Kauhane' Hoyt",
            "profile_path":null
         },
         {
            "credit_id":"5894cc4f9251410b9c0005ce",
            "department":"Lighting",
            "gender":0,
            "id":1552215,
            "job":"Rigging Gaffer",
            "name":"Martin Bosworth",
            "profile_path":null
         },
         {
            "credit_id":"5894c8589251410b960003ea",
            "department":"Crew",
            "gender":0,
            "id":1552998,
            "job":"Craft Service",
            "name":"Raymond Bulinski",
            "profile_path":null
         },
         {
            "credit_id":"5894cd4ec3a368772c000049",
            "department":"Production",
            "gender":0,
            "id":1554372,
            "job":"Researcher",
            "name":"Carey Ann Strelecki",
            "profile_path":null
         },
         {
            "credit_id":"5894c8b09251410b8d000438",
            "department":"Crew",
            "gender":0,
            "id":1559615,
            "job":"Driver",
            "name":"Manny Demello",
            "profile_path":null
         },
         {
            "credit_id":"5894c9de9251410b890004fc",
            "department":"Crew",
            "gender":0,
            "id":1585177,
            "job":"Set Production Assistant",
            "name":"Michael Herron",
            "profile_path":null
         },
         {
            "credit_id":"5894cab49251410b990005b2",
            "department":"Crew",
            "gender":0,
            "id":1586924,
            "job":"Transportation Captain",
            "name":"Jim Alfonso",
            "profile_path":null
         },
         {
            "credit_id":"5c7a4e599251412a5d4a3ec8",
            "department":"Camera",
            "gender":0,
            "id":1586926,
            "job":"Assistant Camera",
            "name":"Steve Wolfe",
            "profile_path":null
         },
         {
            "credit_id":"5894c906c3a3685ec3000485",
            "department":"Crew",
            "gender":0,
            "id":1599632,
            "job":"Post Production Supervisor",
            "name":"Peter Mavromates",
            "profile_path":null
         },
         {
            "credit_id":"5894cc37c3a3685ebc000644",
            "department":"Lighting",
            "gender":2,
            "id":1614187,
            "job":"Lighting Technician",
            "name":"Kevin Brown",
            "profile_path":null
         },
         {
            "credit_id":"5894cbf79251410b930005d8",
            "department":"Lighting",
            "gender":0,
            "id":1622111,
            "job":"Best Boy Electric",
            "name":"Michael Arvanitis",
            "profile_path":null
         },
         {
            "credit_id":"5894c7299251410b9600032a",
            "department":"Camera",
            "gender":0,
            "id":1646055,
            "job":"Aerial Camera",
            "name":"Robert Mehnert",
            "profile_path":null
         },
         {
            "credit_id":"57fe1e549251410699007177",
            "department":"Costume & Make-Up",
            "gender":1,
            "id":1693424,
            "job":"Assistant Costume Designer",
            "name":"Mirela Rupic",
            "profile_path":null
         },
         {
            "credit_id":"5894c8109251410b99000427",
            "department":"Costume & Make-Up",
            "gender":0,
            "id":1708007,
            "job":"Set Dressing Artist",
            "name":"Charles W. Belisle",
            "profile_path":null
         },
         {
            "credit_id":"5894c65cc3a3685ecd0002c9",
            "department":"Art",
            "gender":0,
            "id":1728281,
            "job":"Painter",
            "name":"Tammy DeRuiter",
            "profile_path":null
         },
         {
            "credit_id":"5894c91d9251410b9600045a",
            "department":"Crew",
            "gender":0,
            "id":1735467,
            "job":"Production Controller",
            "name":"Kieran Woo",
            "profile_path":null
         },
         {
            "credit_id":"5894cb79c3a3685ec000062f",
            "department":"Crew",
            "gender":0,
            "id":1735477,
            "job":"Video Assist Operator",
            "name":"Wayne Tidwell",
            "profile_path":null
         },
         {
            "credit_id":"5c7a4d29c3a36821ec1825f2",
            "department":"Art",
            "gender":0,
            "id":1741114,
            "job":"Assistant Property Master",
            "name":"Bryan Duff",
            "profile_path":null
         },
         {
            "credit_id":"5894c5bcc3a3685ec0000288",
            "department":"Art",
            "gender":0,
            "id":1749891,
            "job":"Art Department Coordinator",
            "name":"S. Quinn",
            "profile_path":null
         },
         {
            "credit_id":"5894c6509251410b9c0002c8",
            "department":"Art",
            "gender":0,
            "id":1749892,
            "job":"Location Scout",
            "name":"Jack Robinson",
            "profile_path":null
         },
         {
            "credit_id":"5894c7efc3a3685ec30003c7",
            "department":"Costume & Make-Up",
            "gender":0,
            "id":1749896,
            "job":"Prosthetic Makeup Artist",
            "name":"Greg Solomon",
            "profile_path":null
         },
         {
            "credit_id":"5894c83b9251410b87000389",
            "department":"Crew",
            "gender":0,
            "id":1749897,
            "job":"CG Supervisor",
            "name":"Yann Blondel",
            "profile_path":null
         },
         {
            "credit_id":"5c7a4e7bc3a36821ec182984",
            "department":"Camera",
            "gender":0,
            "id":1749899,
            "job":"Camera Loader",
            "name":"Gary Kanner",
            "profile_path":null
         },
         {
            "credit_id":"5894c8f29251410b990004a9",
            "department":"Crew",
            "gender":0,
            "id":1749901,
            "job":"Post Production Assistant",
            "name":"Grace Karman Graham",
            "profile_path":null
         },
         {
            "credit_id":"5894c94ec3a3685ebc00048b",
            "department":"Crew",
            "gender":0,
            "id":1749902,
            "job":"Production Office Assistant",
            "name":"Carrie Shaw",
            "profile_path":null
         },
         {
            "credit_id":"5894c99c9251410b9600048c",
            "department":"Crew",
            "gender":0,
            "id":1749904,
            "job":"Propmaker",
            "name":"David B. Brenner",
            "profile_path":null
         },
         {
            "credit_id":"5ae6d7440e0a26105a008ded",
            "department":"Art",
            "gender":0,
            "id":1749906,
            "job":"Property Master",
            "name":"Roy 'Bucky' Moore",
            "profile_path":null
         },
         {
            "credit_id":"5894c9cf9251410b8700047e",
            "department":"Crew",
            "gender":0,
            "id":1749907,
            "job":"Set Medic",
            "name":"Katherine Jones",
            "profile_path":null
         },
         {
            "credit_id":"5894c9f0c3a3685ec90004fb",
            "department":"Crew",
            "gender":0,
            "id":1749908,
            "job":"Software Engineer",
            "name":"Lucio I. Flores",
            "profile_path":null
         },
         {
            "credit_id":"5894ca33c3a3685ec9000520",
            "department":"Crew",
            "gender":0,
            "id":1749910,
            "job":"Stand In",
            "name":"Chad Keller",
            "profile_path":null
         },
         {
            "credit_id":"5894caa4c3a3685ebc000562",
            "department":"Crew",
            "gender":0,
            "id":1749916,
            "job":"Systems Administrators & Support",
            "name":"Leon Xiao",
            "profile_path":null
         },
         {
            "credit_id":"5894cc66c3a3685ecd00063e",
            "department":"Lighting",
            "gender":0,
            "id":1749920,
            "job":"Rigging Grip",
            "name":"Ronald A. Miller",
            "profile_path":null
         },
         {
            "credit_id":"5894cc93c3a3685ec9000661",
            "department":"Production",
            "gender":0,
            "id":1749921,
            "job":"Location Manager",
            "name":"Flint Maloney",
            "profile_path":null
         },
         {
            "credit_id":"5894cd079251411efc00004d",
            "department":"Production",
            "gender":2,
            "id":1749922,
            "job":"Production Accountant",
            "name":"Jim Davidson",
            "profile_path":null
         },
         {
            "credit_id":"5894cd95c3a3687ba300000e",
            "department":"Sound",
            "gender":0,
            "id":1749923,
            "job":"Assistant Sound Editor",
            "name":"Jessica Bellfort",
            "profile_path":null
         },
         {
            "credit_id":"5894cebf92514122b00000c0",
            "department":"Visual Effects",
            "gender":0,
            "id":1749924,
            "job":"3D Animator",
            "name":"Jim Rutherford",
            "profile_path":null
         },
         {
            "credit_id":"5894cf28c3a3687bb30000d8",
            "department":"Visual Effects",
            "gender":0,
            "id":1749925,
            "job":"Visual Effects Coordinator",
            "name":"Lauren A. Littleton",
            "profile_path":null
         },
         {
            "credit_id":"5894cfd192514122b7000179",
            "department":"Crew",
            "gender":0,
            "id":1749926,
            "job":"Sound Design Assistant",
            "name":"Misa Kageyama",
            "profile_path":null
         },
         {
            "credit_id":"5c7a4cfdc3a36841dc183f8e",
            "department":"Directing",
            "gender":2,
            "id":1758614,
            "job":"Second Assistant Director",
            "name":"Bob Wagner",
            "profile_path":null
         },
         {
            "credit_id":"5c7a4ea99251412a5a4a1a2a",
            "department":"Production",
            "gender":0,
            "id":1758622,
            "job":"Casting Assistant",
            "name":"Christie Cean George",
            "profile_path":null
         },
         {
            "credit_id":"5c7a4e38c3a36844d11b5227",
            "department":"Visual Effects",
            "gender":2,
            "id":1787833,
            "job":"Visual Effects Technical Director",
            "name":"Ryan Laney",
            "profile_path":null
         },
         {
            "credit_id":"5c7a4e87c3a36841dc184450",
            "department":"Camera",
            "gender":0,
            "id":1854468,
            "job":"Dolly Grip",
            "name":"Michael Brennan",
            "profile_path":null
         },
         {
            "credit_id":"5c7a4f5b9251412a6949f7ab",
            "department":"Visual Effects",
            "gender":0,
            "id":1859748,
            "job":"Pre-Visualization Supervisor",
            "name":"Ron Frankel",
            "profile_path":null
         },
         {
            "credit_id":"5c7a4f1e0e0a2611ec1195d1",
            "department":"Production",
            "gender":0,
            "id":2220072,
            "job":"General Manager",
            "name":"Scott Ross",
            "profile_path":null
         },
         {
            "credit_id":"5c7a4e69c3a36844d41b076f",
            "department":"Camera",
            "gender":0,
            "id":2223905,
            "job":"Best Boy Grip",
            "name":"Craig Kohtala",
            "profile_path":null
         },
         {
            "credit_id":"5c7a4fb10e0a2611da1192c3",
            "department":"Production",
            "gender":0,
            "id":2237171,
            "job":"Second Assistant Accountant",
            "name":"Eileen M. Dennis",
            "profile_path":null
         },
         {
            "credit_id":"5c7a4e990e0a26521c10eb72",
            "department":"Camera",
            "gender":0,
            "id":2243814,
            "job":"Second Assistant Camera",
            "name":"Lisa Guerriero",
            "profile_path":null
         },
         {
            "credit_id":"5c7a4d4bc3a3681c4b1832e3",
            "department":"Art",
            "gender":0,
            "id":2254345,
            "job":"Set Dressing Buyer",
            "name":"Danielle Simpson",
            "profile_path":null
         },
         {
            "credit_id":"5c7a4d6e0e0a263ee10eaa8d",
            "department":"Art",
            "gender":0,
            "id":2254347,
            "job":"Swing",
            "name":"Sean Hood",
            "profile_path":null
         },
         {
            "credit_id":"5c7a4ec29251412a5d4a3f7f",
            "department":"Production",
            "gender":0,
            "id":2254357,
            "job":"Assistant Location Manager",
            "name":"Chris Gutierrez",
            "profile_path":null
         },
         {
            "credit_id":"5c7a4f2d0e0a2620ae0e891d",
            "department":"Crew",
            "gender":0,
            "id":2254358,
            "job":"In Memory Of",
            "name":"Raymond Bongiovanni",
            "profile_path":null
         },
         {
            "credit_id":"5c7a4f460e0a2620ae0e894f",
            "department":"Visual Effects",
            "gender":0,
            "id":2254359,
            "job":"Matte Painter",
            "name":"David Bailey",
            "profile_path":null
         },
         {
            "credit_id":"5c7a4f51c3a36841dc1846a3",
            "department":"Production",
            "gender":0,
            "id":2254360,
            "job":"Payroll Accountant",
            "name":"Cindy Nevins",
            "profile_path":null
         },
         {
            "credit_id":"5c7a4f6d0e0a2620ae0e8967",
            "department":"Production",
            "gender":0,
            "id":2254362,
            "job":"Production Assistant",
            "name":"Tanya Doyle",
            "profile_path":null
         },
         {
            "credit_id":"5c7a4f7c0e0a2637cb0e9e97",
            "department":"Production",
            "gender":0,
            "id":2254363,
            "job":"Production Driver",
            "name":"Shaun Ryan",
            "profile_path":null
         }
      ]
   }
}